{
    "products":[
        {
        "product_id":"22685",
        "display_name":"Shimmer Nail Polish 1",
        "sub_display_name":"Some sub display name",
        "sub_header":"FH12",
        "description":"Dress up nails with long-lasting shimmer (it's Bobbi Brown's favorite way to accessorize hands and toes). Pearlescent color casts nails in the starring role with a range of chic, shimmering shades.",
        "short_description":"Just a short description",
        "product_img":"https://www.bobbibrown.com.mx/media/export/cms/products/415x415/bb_prod_EHJA_415x415_0.jpg"
        },
        {
        "product_id":"22686",
        "display_name":"Shimmer Nail Polish 2",
        "sub_display_name":"Some sub display name",
        "sub_header":"FH12",
        "description":"Dress up nails with long-lasting shimmer (it's Bobbi Brown's favorite way to accessorize hands and toes). Pearlescent color casts nails in the starring role with a range of chic, shimmering shades.",
        "short_description":"Just a short description",
        "product_img":"https://www.bobbibrown.com.mx/media/export/cms/products/415x415/bb_prod_EHJA_415x415_0.jpg"
        },
        {
        "product_id":"22687",
        "display_name":"Shimmer Nail Polish 3",
        "sub_display_name":"Some sub display name",
        "sub_header":"FH12",
        "description":"Dress up nails with long-lasting shimmer (it's Bobbi Brown's favorite way to accessorize hands and toes). Pearlescent color casts nails in the starring role with a range of chic, shimmering shades.",
        "short_description":"Just a short description",
        "product_img":"https://www.bobbibrown.com.mx/media/export/cms/products/415x415/bb_prod_EHJA_415x415_0.jpg"
        }
    ]
}